id,price,num_subscribers,avg_rating,num_reviews,num_comments,num_lectures,content_length_min,category,subcategory,language
4715,24.99,2231,3.75,134,42,37,1268,Lifestyle,Food & Beverage,English
1769,0,26474,4.5,709,null,9,88,Business,Entrepreneurship,English
5664,19.99,1713,4.4,41,13,14,82,Lifestyle,Other Lifestyle,Afrikaans
7723,199.99,4988,4.8,395,88,36,null,Lifestyle,Pet Care & Training,English
8157,159.99,1266,4.75,38,12,38,569,Design,Web Design,English
8139,29.99,20505,4.5301204,,,31,,Health & Fitness,Yoga,English
2762,39.99,3309,3.85,958,241,8,,Finance & Accounting,Investing & Trading,Arabic
8082,74.99,28824,4,741,189,56,,Development,Programming Languages,English
8075,149.99,10761,3.9,349,,87,,Business,Media,English
8069,99.99,483,4.65,100,45,73,,Marketing,Search Engine Optimization,Spanish
8318,49.99,794,4.1,27,16,10,,Teaching & Academics,Teacher Training,English
8422,49.99,1322,4.45,196,76,5,,Health & Fitness,Yoga,English
8416,49.99,2058,3.65,25,8,81,,Development,Mobile Development,English
8420,19.99,4454,4.35,,147,230,,IT & Software,IT Certifications,English
8324,19.99,9714,4.4083886,1081,194,48,null,Development,Web Development,English
8467,39.99,5566,4.1666665,720,163,6,158,Business,Entrepreneurship,English
8471,29.99,505,3.25,24,3,19,148,Lifestyle,Food & Beverage,English
8319,19.99,296,3.75,13,null,31,454,Development,Software Development Tools,Spanish
8410,24.99,2069,4.1,172,63,53,359,Design,Design Tools,English
8629,34.99,11,0,0,0,8,,Teaching & Academics,Science,English
8776,19.99,3192,4.4,366,59,260,,IT & Software,IT Certifications,English
8814,19.99,40979,4.236842,533,134,33,,Design,Web Design,English
8746,19.99,3934,4.65,764,132,245,,IT & Software,IT Certifications,English
8621,89.99,388,3.6,20,6,64,,Teaching & Academics,Teacher Training,English
8812,24.99,240,4.3,24,8,5,,Lifestyle,Food & Beverage,English
9071,44.99,880,4.2,274,79,26,,Health & Fitness,General Health,English
8874,94.99,320,4.2,20,2,33,220,Design,Design Tools,English
9061,0,44323,4.5,1541,261,7,,IT & Software,IT Certifications,English
8849,44.99,7791,4.6,545,149,26,176,Business,Communication,English
9287,49.99,69264,4.423077,2360,699,126,,Office Productivity,Microsoft,English
9224,19.99,132,3.25,14,5,14,,Marketing,Digital Marketing,English
9327,49.99,122,4.45,14,4,64,,Teaching & Academics,Language Learning,English
9236,29.99,6999,4.5,349,110,19,,Health & Fitness,Dance,English
9385,49.99,75572,4.5,2479,611,135,,Office Productivity,Microsoft,English
9646,179.99,1276,4,235,63,59,,IT & Software,Hardware,English
9521,49.99,991,3.55,64,23,104,515,Business,Entrepreneurship,English
9513,19.99,1975,3.85,160,54,16,,Design,Design Tools,English
9463,49.99,54983,4.5,1374,347,114,,Development,Programming Languages,English
9707,19.99,78,4.857143,7,1,19,,Lifestyle,Food & Beverage,English
9712,49.99,5775,4.5,,22,71,,Design,Design Tools,English
10413,44.99,424,4.2,34,null,39,,Design,Web Design,English
9711,0,320480,3.8020833,10279,2024,156,642,Development,Programming Languages,English
10251,19.99,94,4.5,3,0,29,,Business,Communication,English
10318,49.99,1245,4.2,47,15,139,,Design,Design Tools,English
10620,179.99,1168,4.55,217,41,71,,Development,Web Development,English
10320,49.99,741,4.35,43,13,81,518,Design,Design Tools,English
10317,49.99,1175,4.15,157,57,160,,Design,Design Tools,English
10321,49.99,4132,4.55,512,144,108,,Development,Programming Languages,English
10449,49.99,52515,4.332344,8382,1305,323,,Teaching & Academics,Language Learning,English
10723,0,95977,4.5,488,119,148,634,Design,Design Tools,English
10967,19.99,341,4.2,18,9,25,129,Marketing,Marketing Fundamentals,English
10629,44.99,178,3.7142856,7,2,10,102,Development,Database Design & Development,English
10681,74.99,22098,3.8,479,117,38,722,Development,Programming Languages,English
10971,19.99,743,4.3,87,22,33,,Business,Sales,English
10935,4,378,3.7,74,6,17,,Business,Business Analytics & Intelligence,English
10973,19.99,121,4.6,5,0,21,,Business,Entrepreneurship,English
10722,0,59656,4.2,629,157,157,,Design,Design Tools,English
10812,19.99,104329,4.6842103,24946,4281,509,,IT & Software,IT Certifications,English
10964,19.99,104,4.05,10,1,21,,Business,Entrepreneurship,English
11152,49.99,3048,4.5,420,93,115,,Development,Programming Languages,English
11331,0,294159,4.4850745,18498,4227,21,,Marketing,Search Engine Optimization,English
11197,54.99,1612,4.45,163,55,48,,Development,Programming Languages,English
11305,19.99,9643,3.85,128,,49,,Development,Programming Languages,English
11051,19.99,1578,4.35,339,137,30,,Development,Web Development,Spanish
11418,49.99,9423,4.3,610,153,78,,Teaching & Academics,Language Learning,English
11153,49.99,7244,4.2,,62,62,266,Development,Web Development,English
11670,189.99,1001,3.85,74,45,44,,Business,Media,English
11475,99.99,34064,4.4291496,2885,800,523,,Development,Web Development,English
11922,59.99,726,4.3,44,22,55,265,Design,Web Design,English
12123,999.99,32834,4.8428574,570,93,280,1615,Development,Database Design & Development,Turkish
12226,0,58981,4.7352943,968,202,54,373,Development,Game Development,English
11967,49.99,808,3.1,14,8,80,455,Office Productivity,Google,English
12137,0,19238,4.1,709,143,27,,Business,Industry,English
11777,29.99,366,4.25,49,23,20,,Business,Media,English
12196,59.99,6411,4.55,601,287,26,,Marketing,Search Engine Optimization,English
12892,0,11808,4.25,401,60,17,293,Teaching & Academics,Humanities,English
12124,0,15448,3.590909,247,32,32,,Office Productivity,Oracle,Turkish
12248,89.99,32813,4.107595,2824,,44,,Marketing,Content Marketing,English
12256,0,18501,4.05,251,41,32,,Marketing,Social Media Marketing,English
12928,19.99,271,3.5,33,20,13,,Business,Media,English
12855,49.99,6036,4.1,193,86,114,,Design,Web Design,English
12943,0,14657,4.15,373,56,16,,Teaching & Academics,Other Teaching & Academics,English
12999,0,8657,4.7,302,27,25,null,Teaching & Academics,Social Science,English
13034,0,155952,4.461353,10605,2312,30,380,Business,Operations,English
13216,34.99,393,4.6,65,24,70,315,Music,Instruments,Spanish
12975,199.99,2289,4.15,248,56,142,1384,Development,Web Development,English
13019,0,127593,4.392157,4675,871,15,415,Business,Business Strategy,English
13662,19.99,397,4.65,49,12,50,1138,Personal Development,Career Development,English
13819,24.99,3555,3.8,93,23,19,126,Business,Industry,English
13391,0,80569,4.5405407,,856,11,148,Teaching & Academics,Social Science,English
14038,29.99,451,4.6,16,8,52,313,Development,Mobile Development,English
13888,19.99,453,4.05,15,6,44,259,Design,Design Tools,English
13896,19.99,703,4.9,30,7,20,105,Lifestyle,Arts & Crafts,English
14207,29.99,457,4.35,56,22,14,,Personal Development,Parenting & Relationships,English
14219,49.99,39,3.3,15,2,5,,Business,Other Business,English
14178,0,25874,4.5,482,115,6,,Design,Web Design,English
14284,49.99,911,4.15,128,39,28,,Business,Communication,English
14255,0,29646,4.71875,5085,949,24,141,Design,Design Tools,Simplified Chinese
14706,19.99,582,4.3,42,19,19,,Marketing,Content Marketing,English
14346,139.99,8821,4.445578,1131,209,126,,Development,Programming Languages,English
14434,0,9196,4,92,20,7,,Design,Design Tools,English
14766,49.99,204,4.4,29,11,122,859,Design,Design Tools,English
14571,49.99,3136,4.45,102,38,67,,Development,Web Development,English
14978,19.99,1534,4.1,177,40,12,,Business,Entrepreneurship,English
15044,0,92362,4.45,1353,213,18,,Business,Entrepreneurship,English
15036,0,119396,4.6538463,4242,762,27,,IT & Software,IT Certifications,English
14828,49.99,36,3.625,4,3,42,,Development,Web Development,English
14806,49.99,780,3.357143,null,,32,,Business,Management,English
14921,49.99,166,4.3,20,9,107,633,Design,Design Tools,English
14727,49.99,87,3.7,10,5,106,,Design,Web Design,English
15285,19.99,25857,3.75,340,96,17,,Development,Web Development,English
15104,49.99,599,4.8,21,6,98,,Design,Design Tools,English
15267,24.99,6562,4.25,1039,318,61,,Lifestyle,Home Improvement & Gardening,English
15215,24.99,1211,4.4,82,18,7,,Personal Development,Personal Brand Building,English
15305,49.99,5025,4.196429,604,126,90,,Business,Management,English
15392,34.99,15652,4.681818,1913,640,54,,Photography & Video,Photography,English
15611,39.99,3814,4.85,196,43,25,,Design,Graphic Design & Illustration,English
15467,54.99,635,4.1,49,16,19,,Design,Graphic Design & Illustration,English
15464,34.99,72,5,1,0,7,,Business,Entrepreneurship,English
15459,29.99,138,4.285714,7,null,7,,Business,Entrepreneurship,English
15329,49.99,19865,3.15,55,25,103,null,Design,Web Design,English
15574,19.99,506,4.15,86,37,11,58,Lifestyle,Arts & Crafts,English
15366,29.99,839,4.3,92,25,19,418,Office Productivity,Microsoft,English
15576,0,74061,4.404412,1998,470,35,294,Marketing,Social Media Marketing,English
15620,39.99,12177,4.65,,353,68,247,Design,Design Tools,English
15639,0,210056,4.206897,6445,1436,19,119,Design,Design Tools,English
15943,19.99,1215,4.4,161,88,211,921,Development,Web Development,English
15794,199.99,19365,4.428571,2180,715,103,526,Teaching & Academics,Online Education,English
16082,19.99,78,5,6,2,18,60,Development,Web Development,English
15892,34.99,28387,3.7,191,67,87,1133,Marketing,Affiliate Marketing,English
15742,19.99,85,4.4,16,5,6,,Lifestyle,Arts & Crafts,English
16052,19.99,1790,3.65,33,8,22,63,Teaching & Academics,Language Learning,English
16151,19.99,10764,4.703704,740,88,23,,Development,Web Development,English
15767,19.99,178,4.35,24,12,7,,Lifestyle,Arts & Crafts,English
15937,49.99,544,4.4,21,13,20,62,Development,Web Development,English
16429,49.99,44776,4.715909,7998,,457,,IT & Software,IT Certifications,English
16167,49.99,7744,4.05,160,37,90,,Development,Database Design & Development,English
16170,0,58300,4.6,1319,240,20,,Teaching & Academics,Math,English
16417,34.99,179,3.8125,8,2,32,,Development,Web Development,English
16481,19.99,170,4,22,11,150,,Development,Web Development,English
16577,0,15323,4.5,146,49,19,,Marketing,Social Media Marketing,English
16574,0,86259,4.05,1232,283,21,184,Marketing,Search Engine Optimization,English
16621,24.99,281,3.65,31,12,16,,Business,Other Business,English
16609,44.99,2001,4.4411764,232,91,48,102,Business,Other Business,English
16799,49.99,144163,4.4418607,5112,1065,79,759,Design,Design Tools,English
16706,99.99,163,4.8,14,10,9,49,Lifestyle,Esoteric Practices,English
16714,19.99,506,4.25,49,11,10,36,Design,Graphic Design & Illustration,English
16646,49.99,35829,3.95,,108,53,239,Development,Web Development,English
16630,49.99,192,4.2,5,2,29,300,Marketing,Marketing Analytics & Automation,English
16636,1,15519,3.75,221,47,119,442,Development,Programming Languages,English
16823,0,16682,4.25,167,,11,153,Personal Development,Career Development,English
16715,34.99,1581,3.95,177,35,21,null,Business,Business Analytics & Intelligence,English
17109,34.99,401,4.65,83,,32,276,Personal Development,Parenting & Relationships,English
16961,19.99,4682,4.366667,564,,111,2157,Teaching & Academics,Humanities,English
17029,59.99,7319,4.488506,590,142,27,178,Business,Sales,English
16921,19.99,28685,3.5,57,20,15,172,Personal Development,Career Development,English
17164,49.99,24933,4.3,133,48,60,,Office Productivity,Microsoft,English
17035,189.99,1145,4.15,183,56,39,,Business,Sales,English
17158,19.99,3873,3.2,32,21,46,,Marketing,Marketing Fundamentals,English
17182,84.99,407,3.05,23,8,68,,Marketing,Digital Marketing,English
17257,49.99,297,4.15,13,8,53,,Office Productivity,Microsoft,English
17193,49.99,663,4.05,42,11,55,260,Office Productivity,Microsoft,English
17173,94.99,657,3.7,45,16,10,88,Design,User Experience Design,English
17261,49.99,1828,4.55,122,40,75,430,Office Productivity,Microsoft,English
17244,49.99,647,4.5,21,12,75,,Office Productivity,Microsoft,English
17349,0,105937,3.75,3019,943,22,154,Design,Graphic Design & Illustration,English
17263,49.99,3974,4.4,118,38,101,,Office Productivity,Microsoft,English
17169,49.99,282,3.0833333,6,2,48,,Office Productivity,Microsoft,English
17262,49.99,1923,4.35,54,null,144,,Office Productivity,Microsoft,English
17448,99.99,510,4.15,27,10,23,,Marketing,Branding,English
17399,49.99,5495,4.8,389,117,112,,Office Productivity,Microsoft,English
17387,49.99,412,4,31,14,27,,Design,User Experience Design,English
17441,0,23724,4.75,161,28,12,,Marketing,Social Media Marketing,English
17279,19.99,13303,3.95,118,43,17,,Design,Design Tools,English
17482,0,43345,4.2,2537,541,10,,Design,User Experience Design,English
17615,49.99,1927,4.5,347,100,71,,Development,Database Design & Development,English
17503,0,113697,4.730769,,320,7,,Development,Programming Languages,English
17648,0,42619,4.3,1459,512,24,null,Lifestyle,Arts & Crafts,English
17492,19.99,360,3.95,35,10,54,162,Development,Database Design & Development,English
17512,49.99,4369,4.8,110,29,152,616,Office Productivity,Microsoft,English
17704,24.99,2,0,0,0,9,57,Teaching & Academics,Math,English
17708,34.99,79617,3.75,657,190,39,459,Personal Development,Personal Transformation,English
17782,99.99,13032,4.4937215,2995,344,21,,Business,Business Strategy,English
17683,49.99,520,3.35,78,26,41,,Design,Design Tools,English
17937,19.99,349,4.05,15,5,36,,Design,Game Design,English
17922,34.99,3962,4.8,341,106,89,,Music,Instruments,English
17844,44.99,45,3.5,3,0,11,,Business,Entrepreneurship,English
17963,34.99,124,4.571429,7,2,67,,Health & Fitness,Meditation,English
17789,19.99,376,4.7,33,13,48,,Health & Fitness,Yoga,English
18237,34.99,18195,4.5454545,2404,503,93,,Development,Programming Languages,English
18181,49.99,619,4.410714,158,45,28,111,Teaching & Academics,Teacher Training,English
18212,94.99,12005,4.5318794,2465,423,31,,Office Productivity,Microsoft,English
17745,49.99,327,4.4,10,1,121,589,IT & Software,Network & Security,English
18273,49.99,205,3.5,5,2,34,229,Health & Fitness,Yoga,English
18276,19.99,1099,3.65,85,31,61,,Development,Programming Languages,English
18438,49.99,7132,4.55,490,169,174,,Design,Design Tools,English
18321,19.99,828,4,110,32,11,106,Teaching & Academics,Humanities,English
18362,19.99,1469,4.45,143,53,66,191,Design,Design Tools,English
18573,19.99,2465,4.45,372,64,14,,IT & Software,IT Certifications,English
19262,0,52810,4.55,88,18,9,,Music,Music Software,English
18656,29.99,6329,4.46875,953,164,89,1050,Teaching & Academics,Language Learning,English
18719,49.99,1169,4.65,97,25,40,75,Lifestyle,Pet Care & Training,English
19009,199.99,572,4.15,58,15,59,,Marketing,Marketing Analytics & Automation,English
19164,94.99,2911,3.9,92,24,55,,Design,Graphic Design & Illustration,English
19063,29.99,1457,4.9,214,63,58,210,Design,Design Tools,English
19260,19.99,1468,4.05,58,19,24,,Development,Web Development,English
18664,24.99,524,4.1,26,7,70,,Health & Fitness,Yoga,English
18617,0,80037,4.285714,6068,1149,46,229,IT & Software,IT Certifications,English
18590,99.99,547,4.5,102,28,38,,Business,Other Business,English
18488,99.99,550,4.8,111,31,39,373,Business,Management,English
18569,99.99,221,4.5,23,8,24,,Business,Sales,English
18448,49.99,2633,4.2,170,77,101,,Development,Web Development,English
19315,99.99,93,4.05,19,9,32,,Lifestyle,Pet Care & Training,Spanish
18652,74.99,10515,4.35,26,7,58,,Development,Mobile Development,English
19112,24.99,5718,4.5526314,653,121,97,1778,Teaching & Academics,Humanities,English
18643,39.99,64,4.85,16,3,17,,Teaching & Academics,Teacher Training,English
19419,34.99,9536,4.45,775,258,18,308,Photography & Video,Digital Photography,English
19332,199.99,91379,4.484985,,1433,789,4013,Development,Web Development,English
19387,34.99,869,3.95,101,27,38,149,Development,Web Development,English
19422,34.99,1332,4.65,241,79,37,154,Development,Web Development,English
19331,39.99,6440,3.15,19,9,31,null,Personal Development,Career Development,English
19613,0,27053,4.5,550,59,134,925,Teaching & Academics,Math,English
19603,49.99,48718,4.35,539,142,125,746,Development,Web Development,English
19615,19.99,431,3.05,24,8,18,100,Development,Game Development,English
19729,74.99,5699,4.5,221,74,19,,Photography & Video,Digital Photography,English
19530,24.99,529,3.75,28,8,27,293,Music,Music Production,English
19450,19.99,1534,4.2,132,null,29,,IT & Software,IT Certifications,English
19658,24.99,236,4.4,10,4,71,,Office Productivity,Microsoft,English
19401,29.99,527,4.05,53,20,40,201,Development,Web Development,English
19788,29.99,23604,4.35,139,49,70,795,Development,Mobile Development,English
19582,19.99,1411,4.2,72,15,24,98,Design,Design Tools,English
19636,19.99,419,3,25,11,26,154,Development,Mobile Development,English
19644,24.99,668,4.35,15,7,18,160,Design,Design Tools,English
19804,49.99,920,4.2,49,27,26,396,Business,Media,English
19910,29.99,159,4.6,18,5,11,,Health & Fitness,Yoga,English
19645,44.99,24652,4.4603066,5883,780,43,103,Personal Development,Influence,English
19473,49.99,310,3.85,36,9,10,,Music,Music Production,English
19878,0,3065,4.4,78,14,8,50,Design,3D & Animation,Arabic
20089,94.99,2544,4.3,81,36,74,1402,Marketing,Digital Marketing,English
20122,19.99,131,4.7,24,19,65,,Marketing,Digital Marketing,English
19958,94.99,224,4.05,15,4,52,131,Business,Sales,English
20241,49.99,436,4.230769,112,26,66,171,Business,Operations,English
20196,49.99,94,4.15,16,3,104,,Business,Communication,English
20282,49.99,882,4.1,64,28,34,,Marketing,Content Marketing,English
20149,0,24378,3.7142856,809,137,46,447,Marketing,Social Media Marketing,English
19917,189.99,206,4.25,15,8,33,,Design,Web Design,English
20176,19.99,88488,4.266667,3310,621,38,,Marketing,Social Media Marketing,English
20365,94.99,49027,4.432258,9164,1331,133,,Office Productivity,SAP,English
20150,19.99,2348,3.55,19,5,55,197,Design,Graphic Design & Illustration,English
20320,24.99,20731,3.9,68,19,28,312,Health & Fitness,Yoga,English
20355,49.99,1188,4,40,17,143,545,Design,Design Tools,English
20366,0,149725,4.3,2656,518,23,272,Development,Mobile Development,English
20185,24.99,1894,4.2,227,69,47,,Finance & Accounting,Investing & Trading,English
20550,94.99,690,4,,25,14,,Design,User Experience Design,English
20305,24.99,1263,4.85,199,42,65,247,Health & Fitness,Fitness,English
20420,0,4727,4.95,109,41,26,,Lifestyle,Arts & Crafts,English
20570,99.99,4831,4.35,186,31,51,,IT & Software,Network & Security,English
20461,29.99,11702,4.4,853,354,42,,Design,Graphic Design & Illustration,English
20600,0,40677,4.6,391,112,9,100,Photography & Video,Commercial Photography,English
20661,19.99,553,3.8,66,31,22,,Personal Development,Religion & Spirituality,English
20548,74.99,3800,4.1,66,32,63,,Design,Design Tools,English
20611,49.99,13956,4.05,1684,427,90,487,Office Productivity,Microsoft,English
20869,0,70043,4.242424,3249,566,42,569,Marketing,Search Engine Optimization,English
20743,89.99,6533,4.35,245,77,25,183,Business,Communication,English
20865,19.99,250,3.25,13,8,41,,Development,Mobile Development,English
20945,0,12490,4.35,139,26,13,,Design,Design Tools,English
20954,29.99,353,3.5,36,13,8,,Development,Programming Languages,English
20702,49.99,324,4.5,25,13,37,163,Business,Media,English
20752,19.99,5373,4.35,23,8,12,101,Marketing,Marketing Fundamentals,English
21038,0,26916,4.4384613,656,128,46,455,Marketing,Social Media Marketing,English
20991,0,26741,3.85,513,97,44,,Marketing,Social Media Marketing,English
21042,0,10513,4.7,108,14,38,244,Business,Human Resources,English
20762,49.99,14837,4.45,375,138,79,377,Office Productivity,Microsoft,English
20971,19.99,225,4.65,11,7,16,,Health & Fitness,Fitness,English
21040,0,12934,3.5,127,24,41,,Marketing,Social Media Marketing,English
21056,19.99,113,4.7,11,2,33,193,Development,Web Development,English
21039,0,41307,4.45679,1411,288,34,302,Marketing,Social Media Marketing,English
21037,34.99,53,5,3,3,54,,Marketing,Video & Mobile Marketing,English
21041,49.99,577,4.6,89,20,88,519,Design,Design Tools,English
21256,39.99,2694,4.3,190,67,128,419,Health & Fitness,Fitness,English
21109,24.99,1016,4.1,96,22,41,528,Design,Interior Design,English
21092,24.99,241,3.95,34,11,16,24,Business,Communication,English
21059,74.99,16258,3.8,74,14,63,,Development,Programming Languages,English
21257,94.99,4732,4.3,331,102,202,2005,Photography & Video,Commercial Photography,English
21043,0,25330,4.35,487,117,47,,Marketing,Content Marketing,English
21255,29.99,1475,4.85,140,46,52,,Lifestyle,Arts & Crafts,English
21267,39.99,802,4.25,66,32,8,148,Health & Fitness,Yoga,English
21365,19.99,113,4.75,6,1,10,,Health & Fitness,General Health,English
21364,99.99,8482,4.3,293,93,85,,Health & Fitness,Yoga,English
21386,0,151660,4.3,3395,890,22,,Development,Web Development,English
21440,49.99,159,4.4166665,,5,147,,Design,Web Design,English
21459,19.99,184,4.25,20,6,52,,Office Productivity,Microsoft,English
21282,19.99,527,3.7,38,14,28,,Development,Programming Languages,English
21460,149.99,13654,4.45,980,328,20,,Photography & Video,Other Photography & Video,English
21323,49.99,24672,4.25,2006,null,94,372,Development,Programming Languages,English
21503,29.99,280,4.6,34,9,12,147,Health & Fitness,Yoga,English
21526,39.99,3057,4.25,270,84,31,357,Design,3D & Animation,English
21113,44.99,303,4.5,12,6,23,121,Business,Operations,English
21477,49.99,10775,4.75,964,295,116,,Design,Design Tools,English
21564,49.99,341,4.05,11,6,72,,Development,Web Development,English
21609,19.99,508,3.9,83,27,14,,Lifestyle,Home Improvement & Gardening,English
21583,179.9,600,4.508929,259,50,176,699,Personal Development,Career Development,Portuguese
21993,19.99,1170,4.75,100,36,47,,Design,Graphic Design & Illustration,English
21660,99.99,695,4.55,50,21,42,,Office Productivity,Microsoft,English
21799,34.99,504,3.85,12,7,40,,Marketing,Video & Mobile Marketing,English
22062,34.99,738,3.9,67,28,19,165,Development,Programming Languages,English
22046,39.99,1150,3.85,15,3,29,,Personal Development,Career Development,English
21998,19.99,208,4.25,18,6,17,,Teaching & Academics,Language Learning,English
21529,29.99,206,4.1,34,14,12,,Photography & Video,Other Photography & Video,English
22169,0,264491,4.362832,12757,1916,16,178,Development,Programming Languages,English
21673,19.99,240,4.15,13,6,17,,Design,Web Design,English
22392,19.99,1494,3.85,32,11,76,,Design,Design Tools,English
22008,19.99,219,4.15,15,5,11,,Health & Fitness,Meditation,English
22489,24.99,499,3.4,18,6,90,,Office Productivity,Apple,English
22365,29.99,847,3.7,25,5,18,,Music,Music Production,English
22521,34.99,318,4.1,41,8,34,359,Health & Fitness,Sports,English
22065,19.99,1200,4.45,29,15,37,,Development,Programming Languages,English
22486,49.99,1503,4.65,75,31,31,,Photography & Video,Digital Photography,English
22461,49.99,9563,4.4,477,198,56,,Design,Design Tools,English
22591,19.99,3107,4.3153667,1077,190,12,,IT & Software,Network & Security,English
22644,24.99,530,4.25,63,29,24,,Business,Project Management,English
22445,0,40362,4.2,760,202,13,,Design,Graphic Design & Illustration,English
22750,49.99,7177,4.5,814,187,81,,Development,Programming Languages,English
22643,99.99,1949,3.95,206,64,89,449,Business,Communication,English
22724,49.99,711,4.357143,7,4,31,276,Health & Fitness,Meditation,English
22820,19.99,83,3.6,15,9,59,394,Marketing,Video & Mobile Marketing,Spanish
22584,24.99,464,3.3,22,9,19,,Development,Mobile Development,English
22858,29.99,182,3.8,15,8,47,,Personal Development,Personal Transformation,English
22964,24.99,180,3.2,5,2,141,,Design,Web Design,English
22809,49.99,3456,5,340,53,117,212,Teaching & Academics,Language Learning,English
23114,429,1105,4.35,93,25,229,1589,Development,Web Development,Spanish
23065,19.99,966,4.2,10,4,21,309,Personal Development,Career Development,English
22863,19.99,63,4.0833335,6,1,34,230,Design,Web Design,English
22878,0,144093,4.4,2578,423,98,,Development,Mobile Development,English
23053,99.99,14644,4.6,,26,43,206,Photography & Video,Video Design,English
23427,39.99,381,3.8,48,15,46,,Design,Design Tools,English
23313,0,3803,4.7,117,12,35,678,Health & Fitness,Other Health & Fitness,English
23161,49.99,14014,4.3,370,123,119,,Design,Design Tools,English
23346,49.99,2600,4.25,75,32,163,,Design,Design Tools,English
22515,19.99,253,4.3,12,5,17,,Business,Industry,English
22990,0,20063,3.55,317,99,15,106,Personal Development,Personal Transformation,English
23534,0,13809,4.55,393,70,34,,IT & Software,Hardware,English
23231,19.99,450,4.65,21,13,14,130,Business,Entrepreneurship,English
23742,34.99,18006,4.366667,1560,332,64,595,Development,Web Development,English
23477,0,12252,4.25,175,43,10,,Development,Web Development,English
23520,49.99,4623,4.7,386,122,112,,Design,Design Tools,English
23354,19.99,395,4.45,32,15,24,173,Health & Fitness,Yoga,English
23865,44.99,3119,4.45,695,344,76,,Teaching & Academics,Online Education,Spanish
23640,44.99,179,3.85,14,9,15,,Photography & Video,Digital Photography,English
23887,0,52588,4.4583335,1231,null,93,,Photography & Video,Portrait Photography,English
23710,29.99,1571,4.7,337,116,21,,Lifestyle,Beauty & Makeup,English
23738,29.99,2578,3.65,99,53,102,,Photography & Video,Digital Photography,English
23778,49.99,86,3.75,15,2,52,,Business,Communication,English
23864,429,3866,4.5641026,747,185,558,4573,Development,Web Development,Spanish
23840,49.99,2691,4.5,124,25,87,733,Design,Design Tools,English
23918,24.99,437,3.85,51,12,6,55,Business,Sales,English
23926,34.99,261,4.45,26,8,17,,Business,Communication,English
23412,99.99,1546,3.85,30,10,53,281,Office Productivity,Other Office Productivity,English
23872,24.99,235,4.25,8,1,57,612,Personal Development,Career Development,English
23757,379,5926,4.4,223,54,105,763,Development,Web Development,Spanish
23881,24.99,1953,4.25,186,38,6,,Business,Communication,English
23902,64.99,74,4.6,5,1,31,135,Business,Media,English
23911,29.99,1837,3.65,463,87,6,48,Business,Sales,English
23931,44.99,3970,4.15,283,116,22,,Photography & Video,Photography,English
23909,29.99,429,4.2,42,17,6,59,Business,Sales,English
23939,19.99,281,4.3333335,6,3,19,,IT & Software,IT Certifications,English
23972,24.99,7869,4.3157897,1287,275,28,,Business,Communication,English
23930,24.99,416,4.45,26,5,71,829,Design,Other Design,English
23928,379,4756,3.55,48,17,113,,Development,Web Development,Spanish
23975,49.99,1639,4.6,17,7,98,527,Design,Design Tools,English
23942,34.99,358,3.95,38,10,31,,Teaching & Academics,Test Prep,English
24047,19.99,32,4.8,5,1,15,97,Personal Development,Happiness,English
24035,49.99,2177,4.75,43,19,73,529,Design,Design Tools,English
23944,99.99,6581,4.3,17,5,23,203,Design,Design Tools,English
23990,0,7980,4.3,128,35,10,98,Lifestyle,Home Improvement & Gardening,English
24020,19.99,113,4.428571,7,2,32,120,Business,Media,English
24147,0,17699,3.85,261,97,6,97,Business,Media,English
24077,19.99,104,3.7,,12,16,24,Business,Media,English
24057,49.99,83,4.05,15,3,33,,Design,Design Tools,English
24251,24.99,216,4.3333335,6,3,16,67,Development,Mobile Development,English
24222,19.99,3865,3.65,153,42,29,224,IT & Software,Operating Systems & Servers,English
24318,0,7633,4.15,250,77,29,,Business,Real Estate,Spanish
24096,49.99,8462,4.6,541,122,152,,Design,3D & Animation,English
24368,69.99,105,4,13,9,54,127,Personal Development,Motivation,Spanish
24334,19.99,25892,3.65,241,63,32,,Development,Web Development,English
24171,379,3184,4.65,25,8,181,,Development,Web Development,Spanish
24653,0,3250,4.2,115,28,19,,Marketing,Public Relations,English
24662,0,5151,3.7857144,7,2,12,,Business,Project Management,English
24683,0,7472,4.05,44,8,12,,Business,Project Management,English
24587,29.99,468,3.357143,7,4,22,,Personal Development,Career Development,English
24599,49.99,96,4.857143,7,1,28,,Personal Development,Career Development,English
24693,0,13617,4.8,327,73,54,,Health & Fitness,Meditation,English
24053,29.99,1484,4.1,38,20,18,59,Health & Fitness,Nutrition & Diet,English
24607,0,6582,3.7,50,7,27,,Business,Project Management,English
24422,139.99,4049,4.486111,699,183,44,,Development,Programming Languages,English
24792,24.99,386,3.9,10,1,25,,Teaching & Academics,Social Science,English
24823,0,1752364,4.4443827,96582,14919,74,,Development,Programming Languages,English
25590,29.99,89,4.0833335,6,1,22,,Design,Design Tools,English
25044,19.99,566,4.8,100,29,19,,Personal Development,Happiness,English
24887,49.99,69,4.2,20,10,42,290,IT & Software,IT Certifications,English
25924,39.99,101,3.0555556,9,2,7,,Development,Software Testing,English
25794,29.99,1125,3.9,35,16,17,,Finance & Accounting,Finance,English
24902,19.99,340,3.7,14,6,53,,Teaching & Academics,Social Science,English
25584,0,206016,4.3773584,3868,658,96,,Development,Mobile Development,English
24877,79.99,2671,4.55,653,80,42,,Finance & Accounting,Accounting & Bookkeeping,English
25481,0,9289,4.3,132,33,42,,Development,Web Development,Spanish
25557,29.99,3107,4.4,75,29,14,null,Personal Development,Career Development,English
25581,19.99,2592,4,48,12,28,97,Marketing,Marketing Fundamentals,English
25671,64.99,7195,4.562827,1302,236,32,146,Business,Communication,English
25140,19.99,1389,3.3,14,4,43,345,Personal Development,Personal Transformation,English
25806,189.99,296,4.4,10,3,54,null,Business,Communication,English
25111,49.99,379,4.05,13,null,18,null,Development,Web Development,English
25118,429,2674,4.5,572,168,548,3809,Development,Programming Languages,Spanish
25407,0,19142,3.5,411,112,16,38,Business,Media,English
25457,39.99,221,4.2,34,19,32,,Business,Industry,English
25998,29.99,278,4.05,22,5,30,526,Finance & Accounting,Finance,English
26336,169.99,2933,4.25,624,217,47,1512,Business,Project Management,Spanish
26283,19.99,8157,3.7,102,40,97,,Personal Development,Personal Transformation,English
26090,0,15205,4.25,236,80,17,,Business,Entrepreneurship,English
26433,0,96807,4.28125,5684,1753,13,,Teaching & Academics,Teacher Training,English
26098,0,9184,3.8,,64,90,,Marketing,Digital Marketing,Spanish
25624,49.99,3075,4.3,92,32,60,,Marketing,Search Engine Optimization,English
26044,34.99,2794,3.85,330,70,12,129,Health & Fitness,General Health,English
26006,19.99,218,4.75,20,8,67,,Development,Web Development,Spanish
26100,24.99,4366,4.5359282,1157,138,10,,Office Productivity,Microsoft,English
26092,109.99,21245,4.4,2098,590,75,375,Office Productivity,Microsoft,Spanish
26359,49.99,134,3.8333333,9,2,32,,Personal Development,Personal Transformation,English
25979,49.99,289,4.5,41,10,23,,Office Productivity,Microsoft,English
26194,29.99,895,3.35,13,2,152,410,Development,Game Development,English
26105,49.99,2312,4.3,475,51,11,,Office Productivity,Microsoft,English
25946,49.99,607,4.7,49,21,155,,Design,Design Tools,English
26438,49.99,196,3.95,19,6,21,,Lifestyle,Food & Beverage,English
26274,24.99,452,4.2,24,10,78,,Design,Design Tools,English
26454,39.99,319,3.65,51,14,8,136,Business,Industry,English
26559,189.99,671,4.1,104,32,53,,Business,Communication,Italian
26589,199.99,4707,4.857143,706,223,119,1009,Business,Communication,English
26276,49.99,211,4.9,11,3,17,,Design,Design Tools,English
26557,99.99,2157,4.25,25,7,12,,Design,Design Tools,English
26484,19.99,1577,4.3,87,39,12,,Finance & Accounting,Finance,English
26482,39.99,2085,3.3,490,170,12,51,Business,Industry,English
26681,0,18980,4.05,181,46,11,,Marketing,Other Marketing,English
26495,49.99,8589,4.05,359,91,101,,IT & Software,Network & Security,English
25955,19.99,253,4,47,11,13,96,Teaching & Academics,Science,English
26805,19.99,6340,3.85,84,24,19,173,Marketing,Video & Mobile Marketing,English
26623,44.99,1403,4.55,64,14,29,,Personal Development,Parenting & Relationships,English
26089,49.99,11364,4.4880953,3694,474,10,,Office Productivity,Microsoft,English
26648,19.99,1749,4.5555553,9,2,64,,Music,Instruments,English
26597,49.99,408,4.1,32,16,22,,Design,Design Tools,English
26591,49.99,948,4.75,72,17,148,,Office Productivity,Microsoft,English
26848,199.99,1250,4.15,132,51,15,482,Personal Development,Personal Transformation,Spanish
26845,49.99,11972,4.4,100,24,57,,Development,Web Development,English
26879,0,34534,4,622,115,36,514,Photography & Video,Commercial Photography,English
26942,19.99,885,4.2,51,17,86,,Design,Design Tools,English
26849,24.99,269,4.55,10,7,61,,Business,Real Estate,English
26818,34.99,1463,4.3,170,39,13,,Marketing,Public Relations,English
26956,0,84482,4.6061945,2938,390,82,,Music,Instruments,English
27244,19.99,204,3.75,18,8,6,,Health & Fitness,Mental Health,English
27033,199.99,4853,4.8,354,117,63,null,Health & Fitness,Yoga,English
27079,24.99,1349,4.45,25,6,16,112,Personal Development,Stress Management,English
27041,19.99,134,3.6,20,13,19,304,IT & Software,Network & Security,Spanish
27361,199.99,190,4.6666665,3,1,14,69,Office Productivity,Microsoft,English
27562,149.99,4854,4.35,181,56,53,437,Marketing,Social Media Marketing,English
27197,49.99,704,4.55,98,44,16,142,Teaching & Academics,Social Science,English
27464,19.99,1187,4.6,301,111,53,506,Personal Development,Career Development,Spanish
27511,99.99,1667,4,7,0,11,146,Design,Design Tools,English
27564,94.99,288,3.45,34,9,31,228,Marketing,Digital Marketing,English
27625,99.99,272,3.55,50,15,23,228,Marketing,Content Marketing,English
27556,19.99,3725,4.25,387,110,29,65,Teaching & Academics,Language Learning,English
27449,49.99,2040,3.85,,114,31,,Development,Programming Languages,English
27698,24.99,2175,4.679348,307,94,27,,Teaching & Academics,Teacher Training,English
27696,19.99,9254,3.8,132,37,22,,Teaching & Academics,Social Science,English
27681,19.99,1975,4,125,39,21,184,Music,Instruments,English
27135,39.99,2605,3.7,296,100,77,,Lifestyle,Arts & Crafts,English
27781,19.99,5537,4.15,54,21,17,,Business,Communication,English
27706,19.99,922,3.55,125,22,16,,Business,Operations,English
27543,99.99,2230,3.75,89,42,42,,Personal Development,Memory & Study Skills,English
27970,19.99,29836,4.35,3403,590,542,,IT & Software,IT Certifications,English
27830,19.99,141,4.0625,8,2,17,,Marketing,Social Media Marketing,English
27868,49.99,4816,4.15,774,158,39,,Development,Software Testing,English
27896,59.99,195,3.8,5,2,72,,Business,Media,English
27987,19.99,176,3.1,15,5,34,,Design,Design Tools,English
27854,199.99,10639,4.2222223,1437,321,252,,Marketing,Digital Marketing,English
28149,34.99,108,4.8,33,7,157,,Office Productivity,Microsoft,Spanish
27631,94.99,211,4.05,15,6,21,,Marketing,Marketing Analytics & Automation,English
28195,19.99,2297,4.5,47,19,65,323,Music,Music Production,English
28236,0,34619,4.55,609,129,12,86,Marketing,Social Media Marketing,English
28204,24.99,286,3.95,24,10,27,,Design,Design Tools,English
27878,39.99,374,4.4,98,24,11,,Health & Fitness,Mental Health,English
28172,49.99,85,3.3,5,2,24,,Finance & Accounting,Investing & Trading,English
28228,0,10597,4.75,182,48,44,183,Teaching & Academics,Test Prep,English
28124,44.99,260,3.15,12,9,59,,Business,Media,English
28304,19.99,1683,4.4,35,6,60,,Office Productivity,Microsoft,English
28258,79.99,22202,4.652941,6286,1349,157,,Design,User Experience Design,English
28295,74.99,47901,4.25,1330,321,24,,Development,Web Development,English
28369,49.99,82,4.285714,7,1,25,,Design,Design Tools,English
28373,49.99,8220,4.326923,916,199,101,,Development,Programming Languages,English
28375,74.99,2330,4.45,94,26,33,,Office Productivity,Microsoft,English
28556,64.99,18924,4.35,1108,254,85,,Design,Graphic Design & Illustration,English
28437,29.99,174,4.642857,7,5,28,,Personal Development,Self Esteem & Confidence,English
28577,29.99,1362,4.25,123,37,64,526,Development,Game Development,English
28380,19.99,492,4.05,39,18,27,,Teaching & Academics,Teacher Training,English
28632,29.99,578,4.4,35,12,29,null,Lifestyle,Esoteric Practices,English
28490,19.99,1336,4.4,124,36,75,70,Lifestyle,Beauty & Makeup,English
28501,74.99,2275,4.25,79,25,40,629,Office Productivity,Microsoft,English
28902,39.99,1458,4.1,242,68,17,120,Health & Fitness,Yoga,English
28788,59.99,39774,4.5905075,7847,721,41,351,Teaching & Academics,Language Learning,English
28923,19.99,1858,4.25,92,28,24,,Personal Development,Creativity,English
28420,19.99,616,4.65,76,17,20,96,Teaching & Academics,Language Learning,English
28636,24.99,16354,4.5402684,2053,288,143,,Teaching & Academics,Humanities,English
28695,0,626,4.25,25,5,13,,IT & Software,Other IT & Software,English
28861,74.99,2083,4.4,29,19,73,,Design,Design Tools,English
28947,99.99,847,3.95,74,24,75,403,Office Productivity,Other Office Productivity,English
29072,39.99,825,3.9,,24,43,,Music,Music Production,English
28903,189.99,14299,4.736111,1690,611,28,,Business,Communication,English
29060,34.99,759,4.15,105,39,18,,Marketing,Digital Marketing,English
28716,49.99,409,3.4,108,45,26,151,Marketing,Social Media Marketing,Spanish
29254,59.99,8234,4.5,124,48,36,,Teaching & Academics,Math,English
29246,99.99,655,4.2,99,27,32,,Business,Business Law,English
29197,19.99,401,4.6,63,22,10,,Design,Web Design,English
29397,24.99,20,2.5,2,0,15,213,Personal Development,Personal Productivity,English
29208,29.99,51,4.3125,8,5,28,,Business,Media,English
29434,19.99,339,5,2,1,67,,Marketing,Social Media Marketing,English
29365,0,6863,4.2,66,18,10,,Personal Development,Personal Transformation,English
29465,44.99,1461,3.85,149,54,16,60,Marketing,Content Marketing,English
29571,29.99,443,4.15,39,15,9,,Business,Sales,English
29451,39.99,321,4.2,17,6,10,,Business,Media,English
29236,49.99,21,4.75,4,1,64,,Teaching & Academics,Language Learning,Serbian
29531,49.99,415,4,13,3,118,379,Office Productivity,Apple,English
29551,74.99,3937,4.681818,239,45,49,,Office Productivity,Microsoft,English
30019,29.99,475,3.05,39,19,14,112,Photography & Video,Photography,English
29684,24.99,217,4.55,51,16,19,107,Marketing,Other Marketing,English
30166,34.99,38,4.75,4,0,7,,Photography & Video,Portrait Photography,English
29563,94.99,3046,3.35,11,6,55,,Development,Mobile Development,English
29794,24.99,168,4.4,13,5,41,312,Marketing,Search Engine Optimization,English
29694,74.99,3975,4.428571,507,86,45,,Office Productivity,Microsoft,English
30204,49.99,2961,4.5555553,571,152,21,,Development,Software Engineering,English
29752,74.99,3625,4.05,198,36,30,427,Office Productivity,Microsoft,English
30195,49.99,3032,4.35,175,59,97,,Design,Design Tools,English
29942,99.99,12969,4.25,180,68,56,,Design,Design Tools,English
30203,24.99,1376,4,334,102,10,175,Personal Development,Career Development,English
30198,34.99,1069,4.5,52,16,26,,Photography & Video,Photography,English
30240,34.99,23792,4.2,641,166,136,713,Development,Web Development,English
30263,19.99,42,3.75,2,0,17,,Marketing,Social Media Marketing,English
30390,49.99,1043,4.4066668,336,76,11,,Business,Industry,English
30335,0,277,4.5,10,5,10,,Personal Development,Other Personal Development,Afrikaans
30472,19.99,2690,4.55,27,5,22,,Office Productivity,Microsoft,English
30481,19.99,11845,4.4,352,86,57,,Business,Entrepreneurship,English
30318,49.99,17253,4.5,509,120,93,562,Development,Web Development,English
30397,49.99,610,4.3,12,7,20,,Health & Fitness,Yoga,English
30261,199.99,9172,4.25,2007,489,218,,Development,Web Development,English
30243,74.99,21743,3.45,200,52,35,,Development,Web Development,English
30411,99.99,15795,4.05,106,29,32,194,Photography & Video,Video Design,English
30704,94.99,7242,4.5,644,162,17,,Business,Communication,English
30487,199.99,5753,3.7,,48,34,314,IT & Software,Hardware,English
30561,199.99,3166,4.6,25,7,65,,Office Productivity,Microsoft,English
30732,39.99,361,4.05,41,7,21,62,Design,Design Tools,English
30191,19.99,5180,4.45,112,41,20,,Design,Design Tools,Spanish
30710,0,237,4.55,11,3,5,,Teaching & Academics,Humanities,Afrikaans
30835,24.99,364,3.75,15,1,46,,Office Productivity,Google,English
30718,199.99,374,4.1,42,7,18,149,Design,Design Tools,English
30630,19.99,159,3.45,29,10,29,,Design,Design Tools,Spanish
30894,34.99,1517,4.35,351,63,36,,Development,Programming Languages,Portuguese
30932,0,4377,4.05,190,29,9,,Marketing,Product Marketing,Arabic
31159,0,264,4.3333335,6,1,14,,Personal Development,Religion & Spirituality,Afrikaans
30763,19.99,16016,4.3,432,120,29,720,Development,Programming Languages,English
30297,99.99,806,3.7,78,18,48,,Office Productivity,Microsoft,English
31279,39.99,116,4.5,16,7,13,,Photography & Video,Photography Tools,English
30919,34.99,133,3.9,13,5,44,,Lifestyle,Other Lifestyle,English
31424,19.99,211,3.9,24,16,25,null,Personal Development,Personal Brand Building,English
31392,24.99,590,3.75,12,4,148,580,Business,Entrepreneurship,English
31426,34.99,188,4.2,21,6,21,,Personal Development,Personal Brand Building,English
31604,19.99,188,3.2,20,15,15,58,Marketing,Social Media Marketing,English
31535,49.99,34258,4.4424777,1710,465,106,,Office Productivity,Microsoft,English
31530,39.99,365,3.55,31,13,27,,Business,Communication,English
31520,19.99,120,5,8,1,26,90,Personal Development,Parenting & Relationships,English
31592,199.99,5334,4.4946237,1158,204,56,,Development,Database Design & Development,English
32033,19.99,402,3.85,50,26,25,,Music,Instruments,Spanish
30911,49.99,7813,3.85,84,19,45,,Development,Web Development,English
31624,49.99,4269,4.2,100,45,44,299,Photography & Video,Digital Photography,English
32201,64.99,393,3.8,14,5,20,,Personal Development,Creativity,English
31580,49.99,3121,3.95,29,10,133,,Business,E-Commerce,English
32092,169.99,73,3.3,16,5,24,,IT & Software,Other IT & Software,Turkish
32193,49.99,2247,4.7,258,null,143,,Design,Design Tools,English
32320,29.99,73,4.6,22,10,68,,Design,3D & Animation,Spanish
32369,19.99,236,4.4,34,14,66,372,Office Productivity,Microsoft,English
32142,34.99,1995,4.4,20,4,47,,Design,Design Tools,English
30751,0,275,4.875,4,0,11,,Personal Development,Religion & Spirituality,Afrikaans
32325,19.99,2240,3.85,,56,26,,Marketing,Social Media Marketing,English
32436,44.99,141,4.6666665,6,3,178,746,Office Productivity,Other Office Productivity,English
32332,19.99,3149,4.25,260,112,17,,IT & Software,Network & Security,English
32324,109.99,270,4.45,19,10,18,,Business,Entrepreneurship,English
32333,49.99,932,4.65,34,9,89,,Design,Design Tools,English
32199,74.99,15553,4.298371,4334,496,10,58,IT & Software,Network & Security,English
32418,49.99,203,4.05,33,20,28,,Business,E-Commerce,Spanish
32658,19.99,370,3.75,19,9,102,,Office Productivity,Microsoft,English
32649,49.99,5950,4.3,182,41,143,,Development,Web Development,English
32862,119.99,36423,4.5619717,4999,696,267,3026,Teaching & Academics,Test Prep,English
32939,0,114038,4.568182,4522,1036,77,,Teaching & Academics,Science,English
33238,169.99,29339,4.45,1161,190,21,,Development,Mobile Development,Turkish
33191,0,65456,4.15,835,229,23,null,Photography & Video,Digital Photography,English
32747,169.99,26621,4,1845,280,92,857,Development,Programming Languages,Turkish
33207,19.99,66,4.714286,7,4,15,68,Personal Development,Influence,English
33236,169.99,407,4.2,67,9,98,1105,Development,Programming Languages,Turkish
32917,99.99,4426,4.5,303,63,60,622,Office Productivity,Microsoft,English
32781,0,15755,3.45,206,65,15,,Business,Business Strategy,English
33231,19.99,2330,3.35,70,14,57,,IT & Software,Network & Security,English
33123,99.99,7569,2.9,255,50,49,462,IT & Software,Network & Security,English
32908,99.99,11492,4.5084743,1535,394,79,,Finance & Accounting,Accounting & Bookkeeping,English
33145,69.99,16957,3.75,300,150,20,,Personal Development,Memory & Study Skills,English
32836,94.99,127,4.7,22,13,16,,Finance & Accounting,Finance,English
33235,169.99,433,4.4,110,15,110,1351,Development,Programming Languages,Turkish
33215,0,9989,4.35,312,31,19,121,Teaching & Academics,Math,English
33103,49.99,1329,4.4,23,5,126,,IT & Software,Network & Security,English
32714,29.99,20782,4.25,345,106,41,269,Design,3D & Animation,English
33162,19.99,1211,4.5,102,20,12,,Teaching & Academics,Engineering,English
33002,199.99,35632,4.5446224,7775,1250,132,1878,Office Productivity,SAP,English
33301,49.99,239,4.65,63,33,22,,Business,Other Business,English
33240,169.99,2637,4.05,152,35,139,1629,Development,Mobile Development,Turkish
33250,19.99,55,4.2,5,3,10,77,Marketing,Branding,English
33524,24.99,1607,4.4,150,40,20,97,Business,Operations,English
33308,19.99,7961,4.05,49,17,24,,Design,Web Design,English
33603,94.99,151,4.3125,8,2,34,360,Marketing,Search Engine Optimization,English
33527,49.99,785,3.5,54,12,85,,Development,Web Development,English
33710,19.99,279,4.15,26,10,11,324,Teaching & Academics,Humanities,English
33677,94.99,123,4.25,6,2,37,326,Marketing,Paid Advertising,English
33590,0,19978,3.6,224,75,18,,Marketing,Content Marketing,English
33369,19.99,1850,4.35,229,74,14,139,Teaching & Academics,Language Learning,English
33757,19.99,78,3.8,10,6,38,636,Office Productivity,Microsoft,English
33700,99.99,344,4.3,35,6,37,282,Design,Design Tools,English
33736,19.99,25,3.7,5,3,69,338,Office Productivity,Microsoft,English
33619,189.99,549,3.35,46,12,49,,Development,Mobile Development,English
33762,0,3883,3.9,38,9,49,97,Office Productivity,Apple,English
33815,19.99,102,4.5,18,1,89,716,Office Productivity,Oracle,English
33729,24.99,130,4.15,17,4,15,205,Personal Development,Parenting & Relationships,English
33353,99.99,417,4.1,74,14,119,,Health & Fitness,Sports,English
33844,89.99,664,4.25,103,34,70,,Health & Fitness,Martial Arts & Self Defense,English
33862,24.99,288,4.3,41,5,114,,Office Productivity,Other Office Productivity,English
33895,19.99,12401,4.45,692,215,68,,Business,Real Estate,English
33870,19.99,1706,4.05,34,10,18,,Design,Design Tools,English
33950,19.99,3609,4.45,11,4,28,,Development,Game Development,English
33577,199.99,2449,4.75,435,142,255,3667,Business,Entrepreneurship,Spanish
33919,29.99,121,4.142857,7,4,16,100,Marketing,Other Marketing,English
33955,0,5197,4.15,133,28,5,,Lifestyle,Food & Beverage,English
33905,49.99,116,4.2222223,9,1,146,710,Office Productivity,Microsoft,English
33782,0,4756,4.25,36,4,33,211,Health & Fitness,Fitness,English
33986,29.99,783,4.6,107,39,16,102,Lifestyle,Arts & Crafts,English
33949,24.99,4768,4.75,1111,304,91,238,Business,Media,English
34049,0,67739,4.4666667,4524,748,71,379,Office Productivity,Microsoft,English
34109,69.99,692,4.4,47,18,24,,Lifestyle,Pet Care & Training,English
34171,119.99,595,3.9,112,48,211,,Teaching & Academics,Science,Spanish
33873,19.99,158,4.5,12,7,15,66,Personal Development,Personal Transformation,English
34212,19.99,1642,4.65,89,20,57,,Teaching & Academics,Math,English
34177,19.99,449,3.9,95,29,11,98,Business,Industry,English
34020,29.99,21,0,0,0,95,,Office Productivity,Microsoft,English
33996,24.99,167,3.65,29,15,59,,Office Productivity,Microsoft,English
33987,39.99,47,3.5,4,2,105,,Office Productivity,Microsoft,English
34026,1,2911,4.25,811,138,98,,Development,Programming Languages,Turkish
34243,19.99,1315,4.4,73,24,35,,Teaching & Academics,Math,English
34178,19.99,208,4.3,47,18,6,,Health & Fitness,General Health,English
34255,19.99,1554,4.35,70,18,16,,Teaching & Academics,Math,English
34273,19.99,1116,4.5,110,24,23,,Teaching & Academics,Math,English
34267,19.99,4125,4.5,278,77,14,95,Teaching & Academics,Math,English
34427,94.99,458,4.35,86,29,26,352,Teaching & Academics,Science,English
34251,19.99,1586,4.2,57,15,15,106,Teaching & Academics,Math,English
34706,44.99,83,3.65,11,3,110,563,Office Productivity,Other Office Productivity,English
34527,34.99,1558,4.7,25,6,46,211,Personal Development,Other Personal Development,English
34268,84.99,12019,4.540404,3661,1006,43,,Business,Management,English
34871,29.99,60,4.2,5,2,19,188,Health & Fitness,Nutrition & Diet,English
34458,19.99,200,3.9,23,9,9,,Teaching & Academics,Science,English
34695,19.99,3546,4.45,38,12,28,129,Teaching & Academics,Humanities,English
34752,24.99,85,3.6666667,9,2,161,737,Design,Design Tools,English
34897,34.99,5031,4.2635136,610,72,64,,Development,Software Engineering,English
34812,19.99,133,4.285714,7,5,10,73,Development,Web Development,English
34810,189.99,129,4.85,39,16,71,,Music,Instruments,English
35131,24.99,704,3.9,102,22,75,,Finance & Accounting,Accounting & Bookkeeping,English
34880,24.99,99,4.2777777,9,5,15,129,Health & Fitness,General Health,English
34851,19.99,54,4.214286,7,3,145,,Design,Design Tools,English
34882,19.99,14580,4.6,206,81,14,,Development,Web Development,English
35462,19.99,382,4.3,123,43,215,,Office Productivity,Microsoft,Spanish
34978,29.99,846,3.45,125,37,15,,IT & Software,Network & Security,English
35094,99.99,10663,4.1,137,48,57,369,Development,Programming Languages,English
34815,0,18498,4.75,477,76,83,,Finance & Accounting,Finance,English
35245,49.99,179,4.5833335,6,4,33,,Marketing,Content Marketing,English
35351,0,94067,4.55,1348,359,26,59,Development,Game Development,English
35500,19.99,97,4.3333335,null,2,123,454,Design,Design Tools,English
35139,49.99,75,5,2,2,52,281,Development,Web Development,English
35726,24.99,286,4.55,39,12,27,,Business,Communication,English
35582,49.99,660,3.6,107,24,40,497,Development,Database Design & Development,English
36021,29.99,94,4.125,4,3,25,,Design,Design Tools,English
35753,19.99,1397,4.45,121,39,64,793,Development,Game Development,English
35733,19.99,633,4.05,25,8,21,96,Marketing,Social Media Marketing,English
35634,19.99,1347,2.65,27,11,18,227,Health & Fitness,Sports,English
35426,19.99,1499,4.5,268,84,11,110,Health & Fitness,Yoga,English
35766,99.99,930,3.85,36,12,49,,Business,Communication,English
35559,49.99,505,4.35,15,7,95,510,Office Productivity,Microsoft,English
35935,0,20896,3.7,191,61,8,155,Design,Web Design,English
36201,39.99,2872,4.1923075,346,76,40,,Office Productivity,SAP,English
35635,44.99,296,3.85,20,9,16,,Business,Communication,English
36207,34.99,393,2.45,24,7,19,78,Office Productivity,SAP,English
36090,49.99,3244,4.5204916,702,118,11,,Personal Development,Other Personal Development,English
36147,29.99,533,4.6,27,8,27,,Personal Development,Other Personal Development,English
36198,49.99,2930,3.25,404,107,47,,Office Productivity,SAP,English
36099,19.99,2514,4.35,570,126,13,91,Business,Communication,English
36152,0,37889,4.6,966,324,17,,Photography & Video,Photography Tools,English
36311,94.99,7121,4.5,256,103,33,,Design,User Experience Design,English
35795,39.99,311,4.7,69,7,16,93,Office Productivity,Microsoft,English
36305,49.99,6029,4.55,61,22,58,,Business,Media,English
36848,19.99,506,3.75,56,17,84,,Office Productivity,Apple,English
36275,49.99,304,4.45,14,5,34,null,Personal Development,Creativity,English
36432,19.99,49,3.75,8,2,5,69,Business,Communication,English
36457,79.99,123,3.35,15,7,47,193,Business,Media,Spanish
36291,29.99,1250,4.15,41,14,29,,Design,Design Tools,English
36431,74.99,3122,4.4583335,177,24,60,,Office Productivity,Microsoft,English
37061,74.99,2554,4.25,113,47,61,,Business,Business Strategy,English
36754,29.99,648,4.3,100,null,11,,Personal Development,Career Development,English
36970,169.99,230,4.15,29,7,99,,Development,Mobile Development,Turkish
37502,49.99,85,3.875,4,0,13,,Business,Entrepreneurship,English
36765,19.99,612,4.45,11,4,17,,Business,Communication,English
37310,19.99,44099,4,667,309,8,158,Marketing,Digital Marketing,English
37160,19.99,1084,4.4,47,22,12,,Health & Fitness,Nutrition & Diet,English
36418,69.99,448,4.55,48,17,58,,Development,Web Development,English
37501,0,8563,3.45,65,29,5,,Business,Entrepreneurship,English
36560,39.99,753,4.5,39,17,22,,Office Productivity,Microsoft,English
37528,0,3286,4,120,18,64,,Teaching & Academics,Test Prep,English
37527,19.99,83,3.95,14,5,31,192,Design,Design Tools,Spanish
37757,29.99,653,4.5,121,27,16,,Office Productivity,Other Office Productivity,English
37575,89.99,1855,4.15,48,23,5,50,Business,Management,English
37822,64.99,1405,4.8,65,37,33,267,Office Productivity,Microsoft,English
38034,199.99,11025,4.4677916,2917,641,59,196,Personal Development,Memory & Study Skills,English
37715,29.99,129,3.9,10,3,712,3605,Office Productivity,Microsoft,English
37684,74.99,3256,4.75,185,57,44,319,Development,Web Development,English
37821,19.99,210,3,32,21,9,,Design,Graphic Design & Illustration,English
37816,49.99,67,3.1,5,3,26,139,Business,Business Analytics & Intelligence,English
38224,44.99,376,4.25,38,16,38,,Design,Design Tools,English
37868,69.99,11353,4.15,104,45,20,,Personal Development,Memory & Study Skills,English
38111,49.99,4219,4.4,54,21,28,,Design,Web Design,English
37940,199.99,6793,4.0833335,972,173,57,,Development,Database Design & Development,English
37926,49.99,135,4.2,12,6,41,,Marketing,Social Media Marketing,English
38008,199.99,60882,4.25,368,93,46,338,Photography & Video,Video Design,English
38002,94.99,1022,4.6,97,42,80,,Design,Design Tools,English
38271,39.99,1027,4.1,65,34,58,null,Business,Media,English
38456,24.99,374,4.6,38,11,27,299,Finance & Accounting,Investing & Trading,English
38282,0,202486,4.4883723,7737,1687,37,282,Photography & Video,Photography,English
38545,94.99,14485,4.3389544,3700,695,22,146,Business,Communication,English
38819,39.99,2351,4.1,184,48,27,252,Office Productivity,SAP,English
38851,19.99,222,4.5,18,7,5,,Health & Fitness,Yoga,English
38900,19.99,303,3.45,29,13,35,231,Photography & Video,Digital Photography,Spanish
39133,19.99,516,4.2,126,30,32,286,Teaching & Academics,Science,English
38915,24.99,14948,4.285714,2287,384,67,,Development,Programming Languages,English
39207,199.99,2521,4.2380953,247,35,59,1496,Health & Fitness,Yoga,English
38458,24.99,218,4.1,13,6,29,177,Design,Design Tools,English
39052,129.99,238,4.45,39,20,20,100,Personal Development,Creativity,Spanish
39053,129.99,972,4.8,33,15,19,,Personal Development,Creativity,English
39303,29.99,674,4.1,31,6,23,162,Health & Fitness,Fitness,English
38917,49.99,32782,3.7,49,19,72,,Development,Mobile Development,English
38637,44.99,598,4,132,50,33,,Development,Web Development,Spanish
39515,19.99,3746,4.5,230,71,39,,Music,Music Production,English
38374,19.99,12093,4.4,246,110,11,68,Business,Business Law,English
39862,199.99,12,4.5,1,0,13,77,Office Productivity,Microsoft,English
39115,0,206680,4.253521,6393,927,19,268,Development,Programming Languages,English
39292,49.99,44734,4.4322915,3559,822,128,593,Office Productivity,Microsoft,English
39661,174.99,1257,4.1,200,73,59,,Office Productivity,Other Office Productivity,English
39718,94.99,2187,4.4375,307,94,94,567,Business,Communication,English
39439,169.99,84,3.5625,,2,42,543,Development,Mobile Development,Turkish
39551,189.99,12301,4.4117646,1045,162,72,681,IT & Software,Network & Security,English
40039,189.99,2440,4.5,443,108,118,936,Finance & Accounting,Investing & Trading,English
39922,19.99,416,4.45,59,24,17,,Photography & Video,Digital Photography,Spanish
40017,0,97596,4.2391305,3682,1002,9,65,Design,Web Design,English
40013,19.99,4038,4.25,691,94,18,46,Photography & Video,Digital Photography,English
40050,19.99,731,3.55,11,3,27,55,Design,Design Tools,English
39952,74.99,42073,3.95,121,28,58,,Office Productivity,Microsoft,English
40311,49.99,625,4,82,22,83,330,Teaching & Academics,Language Learning,English
40362,19.99,641,3.35,11,4,34,309,Marketing,Search Engine Optimization,English
40568,19.99,533,3.7,55,28,34,,Design,Web Design,English
40035,19.99,121,4.4,22,7,34,197,Design,Design Tools,Spanish
40465,19.99,755,4.15,75,14,121,864,Teaching & Academics,Engineering,English
40429,49.99,794,4.3,70,28,24,119,Photography & Video,Portrait Photography,English
40495,189.99,1516,4.2,119,45,40,,Music,Instruments,English
40393,44.99,3123,4.254902,593,167,11,176,Design,Interior Design,English
40801,19.99,587,3.875,8,4,8,32,Photography & Video,Digital Photography,English
40636,19.99,5713,4.65,449,134,82,,Office Productivity,Microsoft,English
40730,49.99,3063,4.7,760,181,23,98,Health & Fitness,Sports,English
40525,19.99,898,3.8,18,9,16,,IT & Software,IT Certifications,English
40881,79.99,6332,4.55,127,43,45,,Business,Communication,English
41016,199.99,2799,4.15,306,65,45,275,Business,Project Management,English
40626,19.99,277,4.65,25,9,20,294,Teaching & Academics,Teacher Training,English
41006,19.99,544,4.55,51,19,68,396,Office Productivity,Microsoft,English
41008,19.99,4926,4.3,40,8,226,1067,Office Productivity,Microsoft,English
41089,69.99,3076,4.539267,924,123,10,,Office Productivity,Microsoft,English
41187,0,8343,3.7,71,13,7,81,Business,Entrepreneurship,English
41149,0,7641,4.75,354,77,19,113,Teaching & Academics,Humanities,English
40967,24.99,1140,4.75,36,19,8,,Photography & Video,Digital Photography,English
41145,29.99,1537,4.6,201,63,21,198,Finance & Accounting,Investing & Trading,English
41034,19.99,4929,3.95,33,6,9,55,Teaching & Academics,Test Prep,English
40978,44.99,218,3.6,23,8,67,,Business,Other Business,English
40587,0,9205,4.85,211,64,10,82,Lifestyle,Arts & Crafts,English
41305,74.99,12257,4.2362638,2968,851,13,110,Office Productivity,SAP,English
41884,19.99,104330,4.72,3760,747,28,231,Music,Instruments,English
41551,34.99,172,4.4,65,22,7,,Business,Industry,English
41752,49.99,587,4.65,128,48,48,284,Office Productivity,SAP,Spanish
42146,99.99,2334,4.4,167,42,52,311,Finance & Accounting,Accounting & Bookkeeping,English
41664,19.99,717,4.15,24,1,31,232,Marketing,Social Media Marketing,English
41890,94.99,883,4.15,126,27,99,,Music,Instruments,English
42040,29.99,617,4.5,64,27,15,192,Finance & Accounting,Investing & Trading,English
42197,79.99,1347,4.25,149,28,9,168,Finance & Accounting,Investing & Trading,English
41295,24.99,318846,3.9857142,14627,3286,72,1034,Development,Web Development,English
41899,19.99,2434,4.15,179,76,13,243,Marketing,Digital Marketing,English
41223,49.99,7584,4.4,55,12,33,215,Design,Design Tools,English
41585,19.99,1119,4.05,31,9,125,1049,Teaching & Academics,Language Learning,English
41325,24.99,1959,3.95,26,12,62,,Photography & Video,Photography,English
41748,0,6337,3.6,53,11,65,165,Design,Design Tools,English
41273,199.99,6582,4.828125,974,241,148,1871,Music,Music Fundamentals,English
42038,59.99,6956,4.6,193,56,75,286,Music,Instruments,English
41898,0,11871,4.2,261,76,21,122,Development,Web Development,English
41451,29.99,178,4.55,29,11,11,,Health & Fitness,Yoga,French
41961,39.99,852,4.3,101,28,15,192,Finance & Accounting,Investing & Trading,English
42211,0,15353,4.5,304,86,35,133,Design,Web Design,Spanish
42267,34.99,911,4.15,186,65,7,101,Health & Fitness,Other Health & Fitness,English
42251,94.99,3502,4.35,303,79,159,437,Music,Instruments,English
42219,29.99,206,4.45,28,8,29,226,Development,Game Development,English
42271,199.99,257470,4.6166115,36833,4957,347,,Music,Instruments,English
42282,0,21691,4.45,442,84,8,75,Marketing,Marketing Analytics & Automation,English
42255,19.99,1069,4.7,156,35,16,72,Music,Instruments,English
42307,0,48594,4.589087,5025,1253,38,131,Office Productivity,Microsoft,Spanish
42280,49.99,1055,3.5,7,2,48,373,Personal Development,Career Development,English
42491,39.99,1456,3.95,183,43,17,,Finance & Accounting,Investing & Trading,English
42465,149.99,1483,4.3333335,9,2,16,120,Business,Entrepreneurship,English
42426,19.99,1080,4.2,39,9,73,null,Business,Media,English
42397,99.99,7387,4.7,99,35,54,202,Design,Web Design,English
42557,19.99,1409,3.2857144,7,4,25,null,Personal Development,Leadership,English
42401,199.99,1925,4.3,213,75,45,394,Development,Database Design & Development,English
42281,19.99,163,4.25,34,20,21,179,Photography & Video,Commercial Photography,Spanish
42640,39.99,1383,4.15,178,35,16,117,Finance & Accounting,Investing & Trading,English
42634,39.99,4624,4.235849,,86,11,121,Finance & Accounting,Investing & Trading,English
42321,189.99,4459,4.45,72,20,19,414,Office Productivity,Google,English
42642,39.99,1382,4.3,202,60,14,,Finance & Accounting,Investing & Trading,English
42643,39.99,3006,3.75,384,96,8,77,Finance & Accounting,Investing & Trading,English
42506,49.99,714,4.7,128,51,65,166,Photography & Video,Photography,English
42482,99.99,18401,4.25,51,16,19,168,Design,3D & Animation,English
42326,69.99,632,4.55,61,19,15,79,Lifestyle,Pet Care & Training,English
42645,39.99,1510,4.1,122,28,11,114,Finance & Accounting,Investing & Trading,English
42651,39.99,2748,4.2083335,275,38,12,102,Finance & Accounting,Investing & Trading,English
42763,39.99,1542,4.75,10,2,9,,Personal Development,Happiness,English
42759,49.99,1479,4.35,120,38,69,481,Design,Design Tools,English
42952,49.99,3446,4.5,686,147,129,562,Design,Design Tools,English
42917,34.99,150,4.6666665,3,1,39,244,Development,Mobile Development,English
42987,49.99,97,4.4,16,9,23,135,Music,Music Software,English
42793,39.99,71,3.8,5,2,66,,Health & Fitness,General Health,Spanish
43031,44.99,225,4.5,18,15,18,117,Business,Media,English
43319,99.99,46992,4.4680133,7452,1352,47,,Finance & Accounting,Investing & Trading,English
43441,99.99,8658,4.5277777,1486,371,14,179,Finance & Accounting,Financial Modeling & Analysis,English
42785,49.99,924,4.4,166,57,88,,Design,Design Tools,English
43252,64.99,290,4.6,31,9,16,100,Health & Fitness,General Health,English
42983,49.99,2400,4.4,356,83,80,422,Office Productivity,Other Office Productivity,English
43817,94.99,2641,4,211,60,36,,Development,Software Testing,English
43718,169.99,49076,4.328302,9992,1706,110,1043,Development,Programming Languages,English
43451,19.99,216,4.2,36,13,41,239,Business,Management,Spanish
43540,124.99,58350,4.6457143,4594,649,210,1173,Teaching & Academics,Humanities,English
42787,19.99,213,4.05,49,21,24,393,Business,Business Analytics & Intelligence,Spanish
43842,19.99,687,3.55,54,20,13,109,Business,Project Management,English
43771,29.99,106,4.7222223,9,3,57,154,Health & Fitness,Yoga,English
43884,49.99,1367,4.05,58,18,115,562,Office Productivity,Other Office Productivity,English
43889,19.99,1212,3.65,38,11,39,171,Teaching & Academics,Language Learning,English
43897,0,8100,4.8,407,39,10,127,Office Productivity,Other Office Productivity,English
43978,29.99,4306,4.4903846,792,118,29,232,Teaching & Academics,Social Science,English
44065,19.99,1935,4.15,39,14,8,67,Business,Communication,English
43256,149.99,6075,4.85,536,180,87,null,Office Productivity,Apple,English
44058,0,88156,4.3095236,5292,996,14,32,Business,Communication,English
44091,19.99,99,4,5,1,9,75,Marketing,Content Marketing,English
44090,0,30827,4.5,1527,353,10,86,Business,Business Strategy,English
44087,0,15168,4.45,387,115,47,183,Teaching & Academics,Teacher Training,English
44635,39.99,614,4.15,100,19,19,,Business,Industry,English
44319,39.99,969,4.7,110,30,7,61,Finance & Accounting,Investing & Trading,English
44834,19.99,9632,4.2,177,50,133,712,Development,Software Testing,English
44689,94.99,29221,4.45,1262,399,27,193,Development,Programming Languages,English
44705,19.99,511,3.9,127,51,37,42,Teaching & Academics,Science,English
44171,39.99,474,3.7,21,7,26,77,Teaching & Academics,Language Learning,English
44267,94.99,4322,4.469977,714,102,26,,Business,Communication,English
44837,39.99,5405,4.3,108,null,42,348,Development,Game Development,English
44836,99.99,8401,4.4310346,828,185,25,278,Finance & Accounting,Investing & Trading,English
44794,29.99,230,4,45,20,43,,Music,Music Fundamentals,Spanish
43677,99.99,4178,4.7,195,45,57,639,Office Productivity,Microsoft,English
44677,34.99,214,4,10,7,30,211,Design,Design Tools,English
44897,19.99,20555,4.45,501,220,33,173,Teaching & Academics,Teacher Training,English
44932,19.99,153,3.5,22,8,26,84,Marketing,Social Media Marketing,Spanish
44873,199.99,30203,4.3,979,253,378,3086,Development,Programming Languages,English
44636,149.99,1591,4.05,311,136,55,529,Office Productivity,Microsoft,Spanish
45006,189.99,9528,4.75,1357,320,207,,Development,Programming Languages,English
45023,0,12124,3.65,61,10,79,367,Development,Game Development,Spanish
44973,19.99,125,4.75,11,8,25,152,Teaching & Academics,Online Education,English
45028,19.99,226,4.6,25,10,11,148,Personal Development,Religion & Spirituality,English
45101,24.99,233,4.25,28,10,11,,Business,Communication,English
45125,24.99,206,4.35,29,8,9,106,Teaching & Academics,Social Science,English
44910,49.99,357,4.3,12,6,44,166,Office Productivity,Microsoft,English
45136,39.99,3111,4.42,327,48,8,,Finance & Accounting,Investing & Trading,English
45139,39.99,1356,4.55,176,38,10,80,Finance & Accounting,Investing & Trading,English
45119,74.99,11209,4.4444447,1229,245,54,,Business,Communication,English
45228,19.99,520,3,9,8,56,352,Marketing,Marketing Fundamentals,English
45303,0,2596,4.2,16,3,14,83,Marketing,Digital Marketing,English
45229,0,69528,4.5625,2697,577,13,,IT & Software,Network & Security,English
45619,0,10929,4.4,312,58,17,191,Business,Project Management,English
45029,19.99,268,4.6,32,19,15,362,Personal Development,Religion & Spirituality,English
45359,19.99,732,4.3,11,7,15,138,Lifestyle,Arts & Crafts,English
45297,199.99,37110,4.3461537,758,317,85,,Marketing,Social Media Marketing,English
45789,49.99,583,4.75,62,36,54,142,Design,Design Tools,English
45415,39.99,3127,4.05,67,37,56,383,Business,Communication,English
45226,99.99,697,4.15,46,14,45,436,Development,Programming Languages,English
45751,19.99,272,4.05,28,9,60,,Teaching & Academics,Language Learning,English
45993,0,11569,4.2,267,82,28,409,Business,Industry,English
45643,399.9,108,4.55,28,3,132,1271,Personal Development,Religion & Spirituality,Portuguese
45826,189.99,610,4,4,4,20,130,Lifestyle,Arts & Crafts,English
46010,19.99,4187,3.65,75,19,5,,Finance & Accounting,Investing & Trading,English
45990,0,25481,4.05,481,166,10,62,Marketing,Content Marketing,English
45551,0,18174,4.05,470,107,8,73,Design,Other Design,English
45962,49.99,67,4.4375,8,2,27,,Health & Fitness,Sports,English
46169,189.99,19260,4.2,907,260,43,290,Teaching & Academics,Language Learning,English
45537,19.99,88,4.8,24,12,37,141,Development,Web Development,Spanish
46018,0,8826,4.15,105,33,19,44,Business,Entrepreneurship,English
46221,29.99,680,3.5,65,24,9,,Photography & Video,Other Photography & Video,English
46257,99.99,8597,4.6527777,2118,513,43,295,Business,Industry,English
46349,19.99,336,4.8,49,26,97,377,Office Productivity,Microsoft,English
46353,24.99,186,3.95,10,6,31,105,Office Productivity,Microsoft,English
46492,199.99,1213,3.75,null,8,60,1403,Marketing,Digital Marketing,English
46182,189.99,24347,4.4,792,233,38,263,Health & Fitness,General Health,English
46352,19.99,367,4,34,11,51,133,Office Productivity,Microsoft,English
45941,149.99,2251,4.3,137,34,75,781,Development,Web Development,English
46013,189.99,2497,4.15,214,82,40,521,Business,Communication,English
46510,19.99,446,4.05,25,8,14,76,Business,Communication,English
46355,24.99,207,4.05,11,5,37,null,Office Productivity,Microsoft,English
46682,39.99,1441,4.1,431,109,51,214,Office Productivity,Microsoft,English
46738,139.99,15427,4.7,1360,302,166,612,Teaching & Academics,Language Learning,English
46538,199.99,12013,4.703125,982,354,49,289,Marketing,Marketing Fundamentals,English
46710,94.99,168,2.9,11,4,33,708,Teaching & Academics,Social Science,English
46571,24.99,246,3.85,21,6,14,107,Photography & Video,Other Photography & Video,English
46670,19.99,27674,4.05,63,19,129,,Office Productivity,Microsoft,English
46460,0,9409,4.2272725,338,66,15,80,Development,Web Development,Spanish
46418,124.99,7937,4.25,1198,303,159,834,Office Productivity,Oracle,English
46933,19.99,41,3.9,5,1,23,167,Finance & Accounting,Accounting & Bookkeeping,English
46816,24.99,202,4.75,56,24,14,135,Photography & Video,Other Photography & Video,English
46747,199.99,2922,4.05,313,75,45,428,Development,Programming Languages,English
46927,29.99,5778,4.1,333,63,24,,Finance & Accounting,Finance,English
46912,199.99,45470,4.0666666,1729,795,49,672,Business,Media,English
46807,74.99,3330,4.75,175,22,61,,Office Productivity,Microsoft,English
46864,39.99,1224,4.5,162,21,24,188,Office Productivity,Microsoft,English
47230,199.99,34,4.8333335,3,1,16,85,IT & Software,Other IT & Software,English
47214,19.99,79,3.55,10,4,19,58,Marketing,Paid Advertising,English
47121,59.99,3860,4.85,59,19,46,,Office Productivity,Microsoft,English
46674,19.99,776,3.8,56,19,9,83,Development,Database Design & Development,English
46978,49.99,622,4.55,15,8,60,,Design,Web Design,English
47285,199.99,35489,4.467742,4142,983,60,447,Personal Development,Memory & Study Skills,English
47051,0,4720,3.8,50,12,7,,Business,Business Strategy,English
47440,179.99,649,4.4166665,6,1,29,122,Marketing,Marketing Fundamentals,English
47441,24.99,12190,3.65,102,39,22,133,Office Productivity,SAP,English
47267,0,26027,4.290323,1768,352,12,null,Office Productivity,SAP,English
47004,99.99,21622,4.1,169,69,41,180,Design,Graphic Design & Illustration,English
47108,19.99,236,3.625,4,2,17,61,Business,Entrepreneurship,English
47504,0,10164,4.3,114,31,9,132,Finance & Accounting,Finance,English
47506,0,6922,3.6,66,null,15,69,Finance & Accounting,Other Finance & Accounting,English
47337,99.99,35866,4.35,1092,324,50,,Photography & Video,Video Design,English
47458,29.99,54,4.3,5,4,115,510,Office Productivity,Microsoft,English
47492,44.99,319,4.15,14,5,28,181,IT & Software,Network & Security,Spanish
47560,199.99,69,4.35,12,2,41,,Health & Fitness,Sports,English
47600,24.99,366,4,35,10,892,4237,Office Productivity,Microsoft,English
47631,29.99,315,5,4,4,21,110,Personal Development,Career Development,English
47712,99.99,10102,4.5,1311,390,22,126,Business,Other Business,English
47647,19.99,201,4.15,12,7,14,101,Design,Design Tools,English
47800,94.99,295,4.5,33,15,12,130,Business,Media,English
47738,59.99,44,3.875,4,2,61,273,Personal Development,Personal Brand Building,English
47997,19.99,28888,4.65,657,82,232,null,Teaching & Academics,Language Learning,English
47856,49.99,144,4.4,15,5,16,235,Development,Mobile Development,English
48023,19.99,53131,3.95,433,140,47,405,Development,Mobile Development,English
47866,49.99,1032,4.55,111,32,105,555,Office Productivity,Microsoft,English
47817,19.99,125122,3.75,3393,630,39,579,Development,Programming Languages,English
48098,19.99,7631,4.578534,2583,243,14,70,Office Productivity,Microsoft,English
47666,199.99,13708,3.6,57,26,24,339,Business,Management,English
47806,29.99,91567,3.9,908,181,23,188,Development,Mobile Development,English
47929,199.99,1637,4.7,125,46,55,381,Personal Development,Personal Transformation,English
48018,189.99,6907,4.439394,1032,288,51,null,Business,Media,English
48137,94.99,1039,4.95,130,53,41,220,Business,Communication,English
47963,189.99,24681,4.6,1046,220,251,2695,Development,Web Development,English
48114,24.99,1211,4.6,46,22,42,290,Development,Mobile Development,English
47991,0,35653,4.2083335,1378,243,15,108,Development,Software Testing,English
48218,49.99,18096,3.7,234,72,76,301,Development,Programming Languages,English
48425,29.99,2486,4.5,96,28,73,698,Teaching & Academics,Language Learning,English
48044,29.99,28788,3.7692308,1388,393,29,,Business,Management,English
48237,49.99,6993,4.6,844,198,80,431,IT & Software,Network & Security,English
48283,0,36804,4,491,153,26,49,Photography & Video,Digital Photography,English
48414,49.99,737,4.05,88,14,71,448,Design,Design Tools,English
48583,29.99,162,3.1,13,4,19,,Marketing,Content Marketing,English
48424,19.99,7521,3.95,121,41,32,104,Personal Development,Career Development,English
48700,119.9,938,4.2,209,61,48,168,Business,Sales,Portuguese
48500,19.99,2866,3.55,113,45,96,460,Marketing,Social Media Marketing,English
48456,0,81961,3.95,198,53,103,733,Development,Mobile Development,English
48631,49.99,1716,4.8,323,56,41,296,Development,Programming Languages,English
48699,39.99,142,4.45,17,6,38,164,Office Productivity,Microsoft,Arabic
49068,94.99,6685,4.544872,822,117,59,,Office Productivity,SAP,English
48733,19.99,120,4.6666665,6,3,26,,Business,Operations,English
49244,19.99,192,3.375,8,2,12,311,Health & Fitness,Nutrition & Diet,Spanish
48841,34.99,87480,4.53157,12070,2902,16,101,Finance & Accounting,Accounting & Bookkeeping,English
